yr,aggr,disagg,value
2012,oil,oil,1.0
2012,uti,ele_uti,0.7879877285510912
2012,uti,uti,0.2120122714
