yr,summary,detail,value
2012,min,col_min,0.4193844373965252
2012,min,min,0.5806155626
2012,uti,ele_uti,0.7151425303003844
2012,uti,uti,0.28485746970000003
